URL,Title,Category
/blog/1000/06/14/1276516598/,これまで参加した勉強会まとめ,Tech
/blog/2008/05/30/1212162143/,test,Tech
/blog/2008/05/30/1212163556/,進路,Life
/blog/2008/05/31/1212187128/,Java 今の時間を表示させる,Tech
/blog/2008/06/02/1212379800/,進化はとまらない,Tech
/blog/2008/06/02/1212411117/,とかげ,Tech
/blog/2008/06/03/1212449163/,シュレディンガーの猫,Tech
/blog/2008/06/06/1212759334/,数理情報学４ pivot 枢軸選択つきガウスの消去法,Tech
/blog/2008/06/09/1212972186/,西の魔女が死んだ,Tech
/blog/2008/06/19/1213840969/,自分で考える前にググってませんか？,Tech
/blog/2008/06/22/1214089241/,やりたいこと,Tech
/blog/2008/06/30/1214799304/,プログラム,Tech
/blog/2008/07/20/1216556437/,今日の一言,Tech
/blog/2008/07/27/1217126774/,back to the future.,Tech
/blog/2008/08/24/1219584116/,ケータイ族,Tech
/blog/2008/08/30/1220082592/,文系的IT業と理系的IT業,Tech
/blog/2008/09/17/1221659684/,就職セミナー＆合同企業説明会,Tech
/blog/2008/09/27/1222522998/,新聞を読んで,Tech
/blog/2008/10/10/1223649735/,実験,Tech
/blog/2008/10/10/1223652393/,読書記録＃１　インタープリターと情報文化学部,Book
/blog/2008/10/11/1223729910/,昔の自分,Tech
/blog/2008/10/12/1223769776/,施設引き継ぎ資料,Tech
/blog/2008/10/13/1223904745/,読書記録＃２,Tech
/blog/2008/10/14/1223938220/,オペレーション・リサーチの適用例,Tech
/blog/2008/10/15/1224074291/,読書記録＃３,Tech
/blog/2008/10/20/1224508088/,How to make a good presentation,Tech
/blog/2008/10/21/1224574841/,結局は先生次第。調べ物学習から考える小学生時代の先生の大事さ,Life
/blog/2008/10/22/1224671889/,名古屋大学就職希望者ガイダンス,Tech
/blog/2008/10/26/1225026011/,就活しゃべり場 in 吹上ホール,Tech
/blog/2008/10/29/1225281604/,業界説明会　＃１,Tech
/blog/2008/11/02/1225624297/,マインドマップ　＃２　喜びを感じるとき,Tech
/blog/2008/11/15/1226710170/,就職ガイダンス,Tech
/blog/2008/11/21/1227261653/,就職×進学×研究室×大学院,Tech
/blog/2008/11/24/1227523308/,研究室配属,Tech
/blog/2008/11/24/1227524747/,プロの仕事研究　カンファレンス,Tech
/blog/2008/11/24/1227534324/,gnuplot,Tech
/blog/2008/11/28/1227873393/,processingによる可視化,Tech
/blog/2008/12/02/1228207769/,SE大学,Tech
/blog/2008/12/03/1228307499/,マイナビ就職EXPO１日目,Tech
/blog/2008/12/07/1228658579/,Career Forum　in 吹上ホール,Tech
/blog/2009/01/16/1232106757/,名大生のための「JOBセミナー」,Tech
/blog/2009/01/24/1232807562/,企業研究セミナー,Tech
/blog/2009/01/30/1233330806/,思い出の玉手箱,Tech
/blog/2009/02/08/1234084388/,最近思うこと,Tech
/blog/2009/02/08/1234095635/,株式会社JOY,Tech
/blog/2009/02/10/1234272964/,2009年はトレンドを追うな,Tech
/blog/2009/02/11/1234351666/,容疑者Xの献身,Tech
/blog/2009/02/12/1234453038/,Ice Break,Tech
/blog/2009/02/15/1234706676/,これからの通信の未来,Tech
/blog/2009/02/25/1235572226/,SaaSのまとめ,Tech
/blog/2009/03/01/1235871632/,今日の言葉,Tech
/blog/2009/03/01/1235872455/,IBMの「Smarter Planet」,Tech
/blog/2009/03/01/1235874049/,SaaSとPaaS,Tech
/blog/2009/03/11/1236780961/,Bound for Tokyo,Tech
/blog/2009/03/13/1236962757/,通信のお話,Tech
/blog/2009/03/20/1237513619/,3月の陽気の中で,Tech
/blog/2009/03/22/1237729267/,3月9日,Tech
/blog/2009/03/27/1238118524/,NTTコミュニケーションズ,Tech
/blog/2009/03/27/1238119214/,楽習力,Tech
/blog/2009/04/01/1238552061/,プログラマになりたいあなたへ,Tech
/blog/2009/04/13/1239586160/,研究室に配属されてまずやったこと,Tech
/blog/2009/04/14/1239728618/,研究室ミーティング,Tech
/blog/2009/04/18/1240016466/,,Tech
/blog/2009/04/18/1240017274/,お年寄りの方とubuntu,Tech
/blog/2009/04/20/1240200159/,研究室のパソコンにVirtualBox×ubuntu,Tech
/blog/2009/04/22/1240357121/,研究テーマ,Tech
/blog/2009/04/25/1240661196/,ubuntu×XP　デュアルブート,Tech
/blog/2009/04/26/1240753469/,バックスラッシュが打てなくなった,Tech
/blog/2009/04/29/1240979850/,音が出ない,Tech
/blog/2009/05/01/1241187928/,WEB+DB 50号,Tech
/blog/2009/05/01/1241196324/,pdfファイルの日本語が通らない,Tech
/blog/2009/05/06/1241617601/,写真の送り方,Tech
/blog/2009/05/07/1241665499/,７つの習慣,Tech
/blog/2009/05/08/1241766470/,研究テーマ,Tech
/blog/2009/05/08/1241768073/,論文#1,Tech
/blog/2009/05/08/1241773775/,読書,Tech
/blog/2009/05/09/1241878236/,就職に関して,Tech
/blog/2009/05/10/1241919753/,インプット＆アウトプット,Tech
/blog/2009/05/10/1241935394/,読書記録,Book
/blog/2009/05/14/1242311740/,Java言語で学ぶデザインパターン入門#1,Tech
/blog/2009/05/15/1242342976/,研究室ミーティング090514,Tech
/blog/2009/05/17/1242524916/,Competitive Coevolutionary Algorithms can Solve Function Optimization Problems,Tech
/blog/2009/05/17/1242552853/,さあ、才能に目覚めよう,Tech
/blog/2009/05/17/1242562419/,人工生命#1,Tech
/blog/2009/05/19/1242741930/,JAVA,Tech
/blog/2009/05/21/1242899006/,研究室ミーティング090521,Tech
/blog/2009/05/22/1242960689/,論文の教室,Book
/blog/2009/05/22/1243001522/,ubuntuでスキャナを有効にするまで,Tech
/blog/2009/05/23/1243031784/,GAによるナーススケジューリングの解法,Tech
/blog/2009/05/25/1243217774/,eclipseの問題,Tech
/blog/2009/05/25/1243221184/,生物と無生物のあいだ,Tech
/blog/2009/05/25/1243258571/,遺伝的アルゴリズム,Tech
/blog/2009/05/26/1243338111/,ミーティング090526,Tech
/blog/2009/05/29/1243589248/,ミーティング090528,Tech
/blog/2009/06/02/1243942623/,研究室ミーティング090602,Tech
/blog/2009/06/16/1245149025/,フォーカス・リーディング,Tech
/blog/2009/06/16/1245149205/,仕事頭がよくなるアウトプット勉強法,Tech
/blog/2009/06/21/1245593987/,Mac4linを試してみた,Tech
/blog/2009/06/22/1245661247/,プロフェッショナルの条件,Tech
/blog/2009/06/22/1245684139/,シェルスプリクトのお勉強,Tech
/blog/2009/06/23/1245770529/,社内SNSの使い方,Tech
/blog/2009/06/25/1245911146/,金持ち父さん貧乏父さん,Tech
/blog/2009/06/26/1245996932/,株式会社Subioのつくりかた,Tech
/blog/2009/06/26/1246028296/,お金は銀行に預けるな,Tech
/blog/2009/07/06/1246886357/,金持ち父さんのファイナンシャルIQ,Tech
/blog/2009/07/08/1247027906/,gnuplotをループさせる,Tech
/blog/2009/07/12/1247390690/,cutとsortをパイプで繋げる,Tech
/blog/2009/07/12/1247407457/,プログラムはなぜ動くのか？,Tech
/blog/2009/07/17/1247832093/,ペアプログラミング,Tech
/blog/2009/07/22/1248272768/,LAMP導入メモ,Tech
/blog/2009/07/27/1248664327/,簡単なtwitter_botをRubyで作るまで,Tech
/blog/2009/07/27/1248698538/,PHP勉強中,Tech
/blog/2009/07/29/1248835525/,mixiで全文検索するプログラムをRubyで作ってみた,Tech
/blog/2009/08/02/1249216010/,Stochastic universal sampling,Tech
/blog/2009/08/08/1249769235/,島根で開催されたRuby合宿一日目,Tech
/blog/2009/08/15/1250303235/,プログラミング合宿へ参加したいと考えている学生のあなたへ,Tech
/blog/2009/08/26/1251245691/,当たらないとわかっていながら・・・,Tech
/blog/2009/09/12/1252717633/,ubuntuにtexを導入,Tech
/blog/2009/09/14/1252895430/,ubuntuでEPSON PM A890が動かない件について,Tech
/blog/2009/09/19/1253316669/,試しにtwitterログを出力,Tech
/blog/2009/09/22/1253593953/,富士山初登山記,Activity
/blog/2009/10/07/1254923890/,"CotEditorからmixi,はてなダイアリー,社内SNSへ同時投稿するスプリクト",Tech
/blog/2009/10/13/1255435237/,MacBookProを一週間使ってみて,Tech
/blog/2009/10/14/1255516911/,FriendFeedテスト,Tech
/blog/2009/10/18/1255852238/,情報処理技術者試験お疲れ様でした！！,Tech
/blog/2009/10/30/1256891428/,STUDY HACKS!,Life
/blog/2009/11/02/1257149659/,Ruby合宿を経ての「北陸アンカンファレンス」〜勉強会を考える〜,Tech
/blog/2009/11/07/1257552678/,SEなら+α何があると強いか？,Life
/blog/2009/11/22/1258893125/,Silverlightを囲む会に参加してきました！！,Tech
/blog/2009/11/26/1259191598/,エセ情報系学生が基本情報技術者試験に受かるまで,Tech
/blog/2009/12/09/1260326026/,あるB4のボロボロな発表を見て一言,Tech
/blog/2009/12/13/1260666253/,セキュリティ＆プログラミングキャラバン、セキュメロ合同勉強会にいってきたー!!!,Tech
/blog/2009/12/19/1261170570/,ディレクトリの数だけループさせる,Tech
/blog/2009/12/21/1261381580/,This is it,Life
/blog/2009/12/22/1261500349/,Flexでウェブアルバムが作りたい！！(1),Tech
/blog/2009/12/25/1261753985/,Flexでウェブアルバムが作りたい！！(2),Tech
/blog/2009/12/31/1262270718/,自分の強みを見つける~MBTI~,Tech
/blog/2009/12/31/1262271011/,自分の強みを見つける〜エゴグラム〜,Tech
/blog/2009/12/31/1262271280/,自分の強みを見つける〜ストレングス・ファインダー〜,Tech
/blog/2010/01/14/1263458561/,図と図の余白をなくす,Tech
/blog/2010/01/15/1263533665/,Flexでウェブアルバムが作りたい！！(3)〜MVCパターンの考え方〜,Tech
/blog/2010/01/17/1263741303/,ウェブアルバムが作りたい！！(4)〜PopUpWindow〜,Tech
/blog/2010/01/20/1264003149/,Flexでウェブアルバムが作りたい！！(5),Tech
/blog/2010/01/22/1264115183/,Scalaスケーラブルプログラミング,Tech
/blog/2010/01/25/1264479393/,名古屋Scala勉強会にいってきましたー,Tech
/blog/2010/01/28/1264678927/,VAIOセットアップにてハマる,Tech
/blog/2010/02/15/1266246830/,Evernoteのタグ付けを考える〜名古屋ライフハック研究会〜,Tech
/blog/2010/02/19/1266586605/,Developers Summit 2010 Day2,Tech
/blog/2010/02/28/1267313995/,最後の授業〜ぼくの命があるうちに〜,Tech
/blog/2010/03/05/1267748427/,プレゼンテーションZenを読んでへっぽこプレゼンを治す,Tech
/blog/2010/03/11/1268316886/,情報処理学会創立５０周年記念全国大会へ行ってきたよ,Tech
/blog/2010/04/11/1270943358/,Pocket Wifiを１週間使ってみて,Tech
/blog/2010/04/14/1271253165/,アクセスは突然に,Tech
/blog/2010/04/20/1271768497/,Evernoteで応用情報の資格勉強を！,Tech
/blog/2010/05/09/1273376500/,「もし高校野球の女子マネージャーがドラッカーの『マネジメント』を読んだら」を読んで,Tech
/blog/2010/05/19/1274224246/,未来を生きる人,Tech
/blog/2010/05/23/1274580128/,mixiユーザーに向けてRSSリーダーのススメ,Tech
/blog/2010/05/26/1274908276/,なぜ鉄鋼業界は再編が進むのか？,Tech
/blog/2010/05/29/1275094837/,ありえるえりあ勉強会に行ってきましたー！！,Tech
/blog/2010/06/13/1276397501/,AgileJapan2010基調再演講演の再演に行ってきました〜！,Tech
/blog/2010/06/14/1276516598/,これまで参加した勉強会まとめ,Tech
/blog/2010/06/19/1276905771/,はてブ50、ふぁぼられ500突破！！！,Blog
/blog/2010/06/21/1277071439/,最近気になった言葉たち,Life
/blog/2010/06/22/1277155507/,孤独の反対語を考える,Tech
/blog/2010/06/25/1277428165/,Evernote Meetup Tokyoに参加してきました！！,Tech
/blog/2010/06/27/1277593583/,われわれはどこから来たのか、われわれは何者か、われわれはどこへ行くのか,Tech
/blog/2010/06/28/1277724782/,お金の勉強を始めたいっ。てか始めなきゃ,Book
/blog/2010/07/12/1278889818/,楽しい悔しいTDDBC名古屋,Tech
/blog/2010/07/13/1278975779/,TDDBootCamp名古屋の１日目の課題にリトライ！,Tech
/blog/2010/07/26/1280151025/,東京ライフハック研究会で初めてLTに挑戦してきました！！,Tech
/blog/2010/08/17/1282050554/,すぐやる人におれはなるっ！,Tech
/blog/2010/08/23/1282566781/,スマートに見せる立ち振る舞い方があった-名古屋ライフハック研究会vol.9「再発見 大人のための話し方＆マナー」-,Tech
/blog/2010/08/24/1282602156/,これまで参加した勉強会まとめ,Tech
/blog/2010/08/25/1282688132/,あいつより「目立つ」ブログの作り方,Tech
/blog/2010/08/29/1283051079/,明日は今日とは違う自分になる〜仕事は楽しいかね？〜,Tech
/blog/2010/08/31/1283263273/,"大学院生のための3種の神器~Evernote,Dropbox,Twitter~",Tech
/blog/2010/09/11/1284212086/,勝手に思ってるサークルの問題点に、勝手に取り組むシリーズ　第一回,Tech
/blog/2010/09/18/1284773521/,GAEでメール受信＆メール送信 〜勝手に思ってるサークルの問題点に、勝手に取り組む,Tech
/blog/2010/09/21/1285075888/,本質と大局観と練習-情熱プログラマーを読んで,Tech
/blog/2010/09/23/1285205073/,GAEでデータストア登録 -サークルIT化のお手伝い,Tech
/blog/2010/10/06/1286373884/,就活はEvernoteとA6ノートで乗り切る,Tech
/blog/2010/10/21/1287669910/,Simple is Best.　「The POWER OF LESS 減らす技術〜」,Tech
/blog/2010/10/26/1288097876/,「第7回カレー文具会」に参加してきました！！,Stationery
/blog/2010/10/28/1288268248/,好きなモノ、好きコトを書く。それでいいじゃないか「ネットがあれば履歴書はいらない」,Tech
/blog/2010/11/06/1289056658/,引っ越しを機にemacs.elの設定に取り組む,Tech
/blog/2010/11/07/1289137329/,アテンションコントロールを学ぶ ~仕事するのにオフィスはいらない~,Tech
/blog/2010/11/10/1289397087/,思い立ったが吉日。.meドメイン取得しましたー,Tech
/blog/2010/11/16/1289916971/,『今しか高校野球は出来ないのだから』,Life
/blog/2010/11/23/1290469042/,「すごく普通の名古屋オフ」はものすごく普通ではなかった！！,Tech
/blog/2010/11/26/1290723839/,１年前の自分。１年後の自分へ,Tech
/blog/2010/11/28/1290946444/,iPhoneに振り回されないiPhone活用術セミナーに参加してきました！！,Tech
/blog/2010/12/05/1291504010/,クロスバイクで大阪から京都まで行ってきました！,Activity
/blog/2010/12/05/1291550104/,僕と勉強会,Tech
/blog/2010/12/06/1291586681/,踏み出す一歩。飛び込む勇気。,Tech
/blog/2010/12/08/1291811394/,デブサミの衝撃,Tech
/blog/2010/12/14/1292277493/,ONEPIECE（ひとつなぎの大秘宝）とは、実はブログのことだった。,Tech
/blog/2010/12/20/1292850614/,iPhone×iPadで学ぶ僕の情報処理試験勉強法,Tech
/blog/2010/12/21/1292881898/,「先輩っ、わかりません！」って言うその前に,Tech
/blog/2010/12/28/1293484244/,グローバルエンジニア〜自分の限界は自分が決める〜　まつもとゆきひろ氏 基調講演,Tech
/blog/2011/01/05/1294233634/,知らないと損する学生のための10のEvernote活用術,Tech
/blog/2011/01/15/1295044684/,ブロガーに必要な6つの文章力の基本 『文章力の基本』,Tech
/blog/2011/01/18/1295302999/,「エンジニアを再定義する」MIT石井教授の基調講演を聴いてきた！！,Tech
/blog/2011/01/28/1296164816/,【英訳】6 Easy Tips for Living with 100 Items or Less,Tech
/blog/2011/01/31/1296430565/,マインドハック研究会@名古屋ライフハック研究会に行ってきました！！,Tech
/blog/2011/02/21/1298292184/,プログラマが知るべき、たったひとつの大事なことがら -DeveloperSummit2011に行ってきました!!-,Tech
/blog/2011/02/28/1298901505/,だいたい普通の名古屋オフに行ってきました！,Tech
/blog/2011/03/14/1300111011/,ライフハックカフェ in 大阪梅田 vol.4に行ってきました！！,Life
/blog/2011/03/22/1300748453/,自分への3つの質問-仕事は楽しいかね？-,Tech
/blog/2011/03/23/1300831607/,2010年4月-2011年3月勉強会・イベントまとめ,Tech
/blog/2011/03/31/1301528577/,スキマ時間有効活用のNo1になる,Tech
/blog/2011/04/06/1302042152/,デザイナーとエンジニア〜Untitled!!!!!!!!（アンタイトルド）に行ってきました！！〜,Tech
/blog/2011/04/18/1303078785/,大阪EffectiveJava読書会 第１回に行ってきました！！,Tech
/blog/2011/04/20/1303252926/,行きたい勉強会を見つける方法。それは、「ちょっとした意識」,Tech
/blog/2011/05/08/1304866883/,イタリアいってきました！！,Tech
/blog/2011/05/16/1305553379/,Re:関西ライフハック研究会Vol.1に行ってきました！！,Tech
/blog/2011/05/23/1306102891/,勉強会で意識したい７つのラーニング・パターン,Tech
/blog/2011/07/03/1309697061/,水中で呼吸が出来る感動-スキューバダイビング海洋実習に行ってきました！！-,Activity
/blog/2011/07/24/1311469834/,Lionクリーンインストールしてみた。,Tech
/blog/2011/08/01/1312208601/,「みんなでテニス＆バーベQ」へ行ってきました！！,Life
/blog/2011/08/13/1313190654/,MacBookProにLionをクリーンインストールしたから、心機一転Homebrewを入れてみた,Tech
/blog/2011/08/23/1314056293/,初めてのボートダイビング〜ショウガセのオオカワリイソギンチャクに出会う〜,Activity
/blog/2011/08/27/1314407743/,Stateパターンの実装。InBoxState or OutBoxState 自分の小さな「箱」から脱出する方法,Tech
/blog/2011/09/01/1314827711/,歳をとること。20代の自分と30歳 -「脳は疲れない」を読んで,Life
/blog/2011/09/08/1315433003/,「モレスキンなんて高いだけ」そう思っていた自分がモレスキンにハマった3つの理由,Stationery
/blog/2011/09/11/1315694943/,200エントリー突破！！3年半の中での勉強会、イベント、思い入れのあるエントリーを紹介！,Tech
/blog/2011/10/16/1318771205/,「失敗ではない成果である」映画「はやぶさ」を観てきた！,Life
/blog/2011/10/17/1318862755/,ネットワークスペシャリスト受験してきた！KPTで振り返り,Tech
/blog/2011/10/27/1319672695/,テニスブー秋合宿2011に行ってきた！！,Tech
/blog/2011/11/08/1320760207/,情報だって、再発明したっていいじゃんね。,Tech
/blog/2011/11/11/1321017033/,Evernoteオフ@名古屋「世界のえばちゃんオフだみゃあ」に行ってきました！！,Tech
/blog/2011/11/14/1321282662/,いまさらだけど、Bot作る〜お天気取得〜,Tech
/blog/2011/11/15/1321370201/,Pythonでスクレイピングに挑戦。〜mixiの日記をEvernoteへ放り込みたい〜,Tech
/blog/2011/11/16/1321456888/,ソフトウェアメトリクスを計測する Eclipse Metricsプラグイン,Tech
/blog/2011/11/21/1321884656/,Pythonのループの書き方いろいろ,Tech
/blog/2011/11/25/1322174908/,見返す時間が必要 -Lifehack Cafe Vol5 in 難波 「Evernoteを楽しもう」に行ってきた-,Tech
/blog/2011/11/29/1322605779/,見方が変われば世界が変わる-世界制作の方法-,Tech
/blog/2011/11/30/1322663361/,改めて、リファクタリングとは？,Tech
/blog/2011/12/11/1323615029/,3年越しの欲しいもの。GRDを手に入れた！,Tech
/blog/2011/12/13/1323728949/,Lokkaインストール。bundle installではまった。,Tech
/blog/2011/12/14/1323813720/,InstagramのAPIを叩く,Tech
/blog/2011/12/15/1323900923/,undefined method `bytesize&#39; for エラー。 -Instagramのプラグインが作りたい-,Tech
/blog/2011/12/15/1323962258/,テンプレートエンジン？eRuby、Haml/Sass、Slimってなによ？,Tech
/blog/2011/12/18/1324216219/,LokkaでHamlテンプレートの利用,Tech
/blog/2011/12/28/1325023815/,2011年、印象に残った本ベスト10!!,Tech
/blog/2012/01/28/1327735662/,短縮URLを展開する,Tech
/blog/2012/01/28/1327737693/,GoogleAppEngineでRSS配信したい,Tech
/blog/2012/01/28/163036/,■,Tech
/blog/2012/01/28/163750/,"",Tech
/blog/2012/01/28/juso-coworking/,「新年会だよ！JUSO Jelly!+家族ラボ vol.6」に参加してきました！,Tech
/blog/2012/01/29/1327843648/,お名前.comで取得したドメインでHeroku×Lokkaを動かすまで,Tech
/blog/2012/01/30/1327934314/,Lokkaプラグインlokka-twitter_urlを作ってみた,Tech
/blog/2012/02/01/1328105758/,Sinatra触ってると出てくるRackって何？,Tech
/blog/2012/02/01/learn/,学びの螺旋にはっと気づく,Tech
/blog/2012/02/03/000218/,I try to watch TED movie for 30days!!,Tech
/blog/2012/02/03/ted-try-somethin-new-for-30-days/,Try something new for 30 days,English
/blog/2012/02/04/000936/,,Tech
/blog/2012/02/04/003008/,,Tech
/blog/2012/02/04/005259/,,Tech
/blog/2012/02/05/112442/,How to start a movement,Tech
/blog/2012/02/18/1329530039/,弱い繋がりが生み出す強い力〜Dpub4に行って来ました！！〜,Tech
/blog/2012/02/19/1329617556/,Emacsに導入したZencodingの初期カーソル位置をイケてる感じにする方法-yasnippetとzencoding-,Tech
/blog/2012/02/26/1330259802/,jQueryを使ったブックマークレットで、TEDからmp4を抽出する,Tech
/blog/2012/02/29/1330467948/,SinatraでTwitterBootstrapを使ってTODOアプリを作ってみよう,Tech
/blog/2012/02/29/1330525584/,HerokuのチュートリアルからFacebookアプリを作る！,Tech
/blog/2012/03/03/first-try-bouldering/,初めてのボルダリングへ行って来ました!!,Activity
/blog/2012/03/04/1330859467/,RubyからEvernoteAPIを使ってノートブックの取得と、ノートの作成をする,Tech
/blog/2012/03/05/1330895587/,RubyからEvernoteAPIを使う-Web Application編-,Tech
/blog/2012/03/06/1330982835/,Rackとは何か？Rackで実現できることは何か？,Tech
/blog/2012/03/11/1331444069/,LionにCocoaEmacsをソースコードからビルドしてインストール,Tech
/blog/2012/03/13/1331650789/,multi-termでterm内にコピー&ペーストできるようにする,Tech
/blog/2012/03/13/bouldering-beginners-movie/,ボルダリング初心者向け動画まとめ,Activity
/blog/2012/03/14/write/,最近文章を書かなくなってきている,Art
/blog/2012/03/20/1332214416/,TEDの英語原稿を取得する,Tech
/blog/2012/03/21/1332282428/,TEDから取得したmp3に英語原稿を埋め込む,Tech
/blog/2012/03/31/step-by-step/,小さい成長。,Life
/blog/2012/04/03/1333406632/,Padrinoを触ってみた,Tech
/blog/2012/04/06/naoshima/,直島ぶらり一人旅〜地中美術館〜,Travel
/blog/2012/04/19/1334787470/,RubyからGMailを使ってメール送信,Tech
/blog/2012/04/23/happiness/,Happiness 私たちが幸せを感じる理由,Tech
/blog/2012/05/07/1336405413/,さくらVPSの設定メモ書き,Tech
/blog/2012/05/15/langrich/,ラングリッチ始めました,Study
/blog/2012/05/16/070428/,分からない時に使える英語表現,Study
/blog/2012/05/18/tennisboo/,晴天のテニスブー春合宿2012！！,Activity
/blog/2012/05/19/study-english/,20歳を過ぎてから英語を学ぼうと決めた人たちへ,Art
/blog/2012/05/22/eclipse/,大阪市立科学館で見た金環日食,Activity
/blog/2012/05/28/taskcafe/,タスクカフェ@大阪に行ってきました！,Life
/blog/2012/05/31/1338415976/,「テスト駆動開発入門」 入門,Tech
/blog/2012/05/31/fujimonao/,「ふじもなおのアトリエ」で似顔絵描いてもらいました！,Life
/blog/2012/06/06/1338934497/,TDD Boot Camp 大阪 1.0に行ってきました！,Tech
/blog/2012/06/06/ichiro/,一流の習慣術　イチローとマー君が実践する「自分力」の育て方　の奥村さんの講演を聞いてきた,Life
/blog/2012/07/12/world-domination-summit/,勢いで飛び込んだ World Domination Summit2012,Travel
/blog/2012/07/31/connection/,「レバレッジ人脈術」人脈ってなんだろう,Life
/blog/2012/08/04/enjoy/,夏は夏を。,Life
/blog/2012/08/09/apbankfes/,ap bank fes'12 淡路島!!!,Music
/blog/2012/11/11/1352606424/,DevLOVE関西2012Driveに参加してきました！,Tech
/blog/2012/12/16/Snowboard/,冬を楽しむ！,Life
/blog/2013/01/21/whiteboard/,ホワイトボードでやってみたいこと,Art
/blog/2013/01/27/weekly-review/,週次レビューの流れ,Life
/blog/2013/02/03/hatena2jekyll/,はてなダイアリーからJekyllへお引越し,Tech
/blog/2013/02/05/bouldering-shoes/,初めてのクライミングシューズ「モカシム」,Activity
/blog/2013/02/09/devkan-study/,DevLOVE関西「勉強会勉強会」,Tech
/blog/2013/03/26/214535/,ファシリテーション,Tech
/blog/2013/03/29/slackline/,ボルダリングの合間にスラックライン!! Slackline,Activity
/blog/2013/04/11/jenkins/,さくらVPSにJenkinsインストール,Tech
/blog/2013/04/21/tennisboo-spring/,2013テニスブー春合宿〜念願のチャンピオンTシャツゲット〜,Activity
/blog/2013/04/24/readmore/,Octopressに「続きを読む」のプラグイン導入,Tech
/blog/2013/04/26/sublime-text-2-pakage-control/,Sublime Text 2にパッケージコントロールを導入!!,Tech
/blog/2013/05/07/yakushima/,晴れの屋久島。雨の屋久島。屋久島旅行記,Travel
/blog/2013/05/08/dropbox-cui/,さくらVPSにDropboxをインストール,Tech
/blog/2013/05/15/yakushima-kpt/,屋久島に行くのにあってよかったもの、困ったこと,Travel
/blog/2013/05/18/sqlite3-ruby/,sqlite3-rubyを使ってSQLite3ファイルからの検索結果をHashとして読み込む,Tech
/blog/2013/05/19/star-watching/,大塔コスミックパーク「星のくに」でドーム付バンガローに泊まって天体観測！,Travel
/blog/2013/05/20/livereloaded/,Sublime Text 2にLiveReloadを導入してMarkdown Previewを快適に!!,Tech
/blog/2013/05/23/regexp-jekyll/,Jekyllのお勉強 -YAML部分と記事本文を分離する正規表現-,Tech
/blog/2013/05/27/benchmark-apache/,abコマンド実行時のエラーを回避する,Tech
/blog/2013/05/28/sublime-vim/,sublime-vim,Tech
/blog/2013/05/28/vagrant/,vagrant,Tech
/blog/2013/05/29/carrierwave/,carrierwave,Tech
/blog/2013/06/10/slackline-tennoji/,GIBBON RIDERの凄さ,Activity
/blog/2013/06/18/macbookair/,念願のAir!! MacBookAir Mid 2013買いました,Tech
/blog/2013/06/20/macbookair-dev/,MacBookAir Mid 2013環境構築,Tech
/blog/2013/06/21/ssh-sakuravps/,2台目のMacBookAirからさくらVPSへSSH接続を行うための鍵の設定,Tech
/blog/2013/06/25/remote-disk/,リモートディスクを利用してMacBookProのDVDドライブからMacBookAirにソフトウェアをインストール,Tech
/blog/2013/06/29/umeda-bold/,ボルダリング 梅田BOLD,Activity
/blog/2013/06/30/vagrant-install/,勉強用に簡単に作っては壊せる仮想環境をVagrantで構築する,Tech
/blog/2013/07/04/thinking-tools/,考えるための考具ってなんだろう？「考具 ―考えるための道具、持っていますか?」,Art
/blog/2013/07/10/logical-thinking/,ビジュアル　ロジカル・シンキング,Art
/blog/2013/08/25/north-alpus/,初めての北アルプス 〜涸沢ヒュッテ、奥穂高岳〜,Travel
/blog/2013/10/02/index/,索引設計についてのまとめ,Tech
/blog/2013/11/24/jekyll-versionup/,Jekyllのバージョンアップ,Tech
/blog/2014/02/11/aws-osaka/,JAWS-UG Osaka第10回 AWSとコストについて ～AWSをなるべく安く使い倒す〜,Tech
/blog/2014/02/11/hitachi-cloud/,hitachi-cloud,Tech
/blog/2014/02/16/phonegap-ios/,phonegap-ios,Tech
/blog/2014/02/16/phonegap-start/,phonegap-start,Tech
/blog/2014/02/19/xpath-java/,XPathでの属性値の取得,Tech
/blog/2014/02/21/lead-climbing-traning-day1/,リードクライミングのためのビレイ講習会@グラビティリサーチなんば,Activity
/blog/2014/02/21/less-compile/,less compile,Tech
/blog/2014/02/22/wedding-movie-motion5/,iMovieとMotion5で作る結婚式余興ムービー,Movie
/blog/2014/02/24/grunt-install/,Gruntのインストール,Tech
/blog/2014/03/15/jawsdays-immutable-infrastracture/,Immutable Infrastructure - JAWS DAYS 2014,Tech
/blog/2014/04/06/dialog-in-the-dark/,Dialog In The Dark(ダイアログ・イン・ザ・ダーク)〜『みえない』から『みえる』暗闇体験〜,Life
/blog/2014/06/14/care/,認知症と介護,Art
/blog/2014/06/17/dappan-omoro/,「脱藩学」と「オモロい社会人」〜閉塞感のある君へ。こっちへおいでよ。〜,Art
/blog/2014/06/22/blender-python/,PythonでBlender,Tech
/blog/2014/06/23/dreyfus-model/,あなたは中級者を脱出出来ているだろうか？ドレイファスモデル技能モデル〜リファクタリング・ウェットウェア ―達人プログラマーの思考法と学習法〜,Art
/blog/2014/06/24/jekyll-front-matter/,jekyll front matter,Tech
/blog/2014/06/26/learning/,学び方をリファクタリング,Art
/blog/2014/08/19/imovie-motion5-finalcutpro/,"結婚式余興ムービー、あなたは何で作る？Keynote, iMovie, Motion5, FinalCutProを結婚式余興のムービー作成に使ってみて",Movie
/blog/2014/08/24/cinema-under-the-stars/,日本で一番標高の高い場所にある「野外映画館」 -星空の映画祭2014-,Travel
/blog/2014/09/02/sweet-love-shower-2014/,初めてのSWEET LOVE SHOWER 2014,Travel
/blog/2014/09/03/youtube-responsive/,YouTube埋め込みタグをレスポンシブ化する,Tech
/blog/2014/09/04/create-web-service/,ぐだぐだ言ってないでコードを書けよ、自分！ - 「Webサービスのつくり方」,Tech
/blog/2014/09/06/domino-yokyo/,"結婚式余興ムービー「ドミノでええねん」16,000個のお祝いドミノ倒し",Movie
/blog/2014/09/07/movie-design/,movie design,Movie
/blog/2014/09/28/baseball-club-yokyo/,福井-大阪-名古屋-東京。拠点が離れている中での結婚式余興作成,Movie
/blog/2014/10/04/facilitation-skill/,参加者の発言を促すファシリテーターの技術 〜ザ・ファシリテーター〜,Art
/blog/2014/10/09/knowledge-groupware/,知のグループウェアとしてのファシリテーション〜ザ・ファシリテーター〜,Art
/blog/2014/10/21/jekyll-pagenation/,Jekyllでページ分割する -pagenation-,Tech
/blog/2014/10/29/pjekyll-pygments/,JekyllでPygmentsを使ってのシンタックスハイライト,Tech
/blog/2014/10/30/how-google-works/,キャリア計画を立てよう！ How Google Works-私たちの働き方とマネジメント-,Life
/blog/2014/11/03/five-factor-work-shift/,未来を形作る5つの要因と32の要素,Life
/blog/2014/11/03/specialist-work-shift/,ゼネラリストから「連続スペシャリスト」へ,Life
/blog/2014/11/04/statistics/,[こつこつ勉強]統計学入門#1,Study
/blog/2014/11/08/angular-flickr/,AngularJSでFlickrの埋め込みタグを作成する,Tech
/blog/2014/11/11/network-ip-1/,[こつこつ勉強]L2スイッチ、L3スイッチの違い,Study
/blog/2014/11/16/fountain-pen-cleaning/,万年筆LAMY safariのインク洗浄・交換方法,Stationery
/blog/2014/11/21/ted-api/,TED APIを触ってみる,Tech
/blog/2014/11/25/sed-cr-lf/,Macのsedで改行コードを出力させる 〜改行コードの違い再確認〜,Tech
/blog/2014/11/28/javascript/,[コツコツ勉強]よくわからないままJavaScriptを使っている自分へ,Tech
/blog/2014/11/29/jekyll-tags-unread-because-of-utf-8-mac/,UTF-8-MACとは何か？〜Jekyllのカテゴリ(タグ)ページで濁点を含むページが表示されない〜,Tech
/blog/2014/12/01/jekyll-tag-cloud/,Jekyllにタグクラウドを実装する,Tech
/blog/2014/12/02/jekyll-monthly-archive/,Jekyllに月別アーカイブを実装する,Tech
/blog/2014/12/03/google-analytics/,現場でプロが培った Google Analyticsの使い方,Book
/blog/2014/12/09/statistics-is-literacy-for-the-next-generation/,統計学が最強の学問である,Art
/blog/2014/12/13/jekyl-front-matter-viewer/,Jekyllのタグとカテゴリを整理するために、一覧表示するWebアプリ(個人用)をつくった,Tech
/blog/2014/12/17/matsushima-miyajima-amanohashidate-travel/,春の松島、秋の宮島、冬の天橋立〜日本三景巡り〜,Travel
/blog/2014/12/24/kindle-db-sql/,"達人に学ぶSQL, DB設計をぽちった",Tech
/blog/2015/01/26/hokkaido-susukino/,札幌・すすきの「だるま」ジンギスカンと「開陽亭」でウニ・イクラ・イカの踊りを食べてきた!!,Travel
/blog/2015/02/08/oracle-express-edition-11g-install/,Installing Oracle Database Express Edition11g on Vagrant(CentOS 6.4),Tech
/blog/2015/02/08/oracle-express-edition-11g-install/,Vagrant上のCentOS6.4にOracle Database Express Edition11gをインストールする,Tech
/blog/2015/02/11/how-to-install-sqlplus-in-macosx/,How to install SQL*Plus in MacOSX Marverics,Tech
/blog/2015/02/11/install-sqlplus/,SQL*PlusをMacOSX Marvericsにインストール,Tech
/blog/2015/03/01/moleskine-to-mdnote/,モレスキンからミドリMDノートに乗り換え(万年筆の利用、価格の観点),Stationery
/blog/2015/03/02/ansible-sakura-vps/,AnsibleでさくらVPSの初期設定,Tech
/blog/2015/03/27/leave-latest-filename/,数世代バージョンを持つファイル名から最新版以外を抽出する,Tech
/blog/2015/04/01/hobonichi-planner-leather-cover/,HERZ「ほぼ日手帳カバー」お気に入りの一品になること間違いなし！,Stationery
/blog/2015/04/05/vagrant-plugin-install-hostmanager-nokogiri-error/,vagrant plugin install hostmanager実行時のnokogiriインストールエラーの解決,Tech
/blog/2015/04/11/search-keyword-by-page/,ページ毎の検索キーワードを知る,Tech
/blog/2015/04/26/99-percent-people-can-not-do/,[読書メモ]99%の人がしていない たった1%の仕事のコツ,Art
/blog/2015/05/08/jekyll-vs-middleman/,jekyll vs middleman,Tech
/blog/2015/05/09/middleman-getting-start/,Middleman getting start,Tech
/blog/2015/05/10/middleman-multiple-blogs/,Middlemanで静的サイト構築 -Middlemanで複数ブログを構築-,Tech
/blog/2015/06/01/how-to-move-join-nestedloops-hash-sortmerge/,"[SQL実践入門]結合のアルゴリズム Nested Loops, Hash, Sort Merge",Tech
/blog/2015/06/10/inner-join-outer-join/,[SQL実践入門]内部結合と外部結合のイメージ,Tech
/blog/2015/06/11/agile-retrospectives/,『アジャイルレトロスペクティブズ』を読んで振り返りのやり方を学ぶ,Book
/blog/2015/06/21/scrum-boot-camp-the-book/,scrum boot camp the book,Tech
/blog/2015/06/28/process-for-world-cafe/,ワールド・カフェのプロセス,Life
/blog/2015/06/28/what-is-good-questions-for-world-cafe/,ワールドカフェの問いを作るには？,Life
/blog/2015/07/04/building-cocoa-os-x-application-with-swfit-in-xcode/,Swiftで初めてのMacOSXアプリケーション-FFViewer-,Tech
/blog/2015/07/05/world-cafe-case/,「ワールド・カフェをやろう！」の事例からからみる目的と問い,Life
/blog/2015/07/12/hold-a-world-cafe/,ワールド・カフェ形式の振り返りをやってみた感想,Life
/blog/2015/07/25/capybara-connect-error/,"Capybara「Request failed to reach server, check DNS and/or server status」",Tech
/blog/2015/07/25/capybara-connect-error/,"Capybaraで「Request failed to reach server, check DNS and/or server status」のエラー",Tech
/blog/2015/08/04/real-wantedly/,「第4回 リアル・ウォンテッドリー」に行ってきました,Tech
/blog/2015/08/06/alexandros-wataridori/,[Alexandros] ワタリドリと私 -ROCK IN JAPAN 2015-,Music
/blog/2015/08/07/normalization/,正規化とは何か？,Tech
/blog/2015/08/10/fireworks/,fireworks,Art
/blog/2015/08/17/rising-sun-festival-2015/,初めてのテント泊ライブ。初めてのRISING SUN ROCK FESTIVAL 2015(ライジングサン),Music
/blog/2015/08/29/marketing-22-raws/,マーケティング22の法則を図解してみた,Book
/blog/2015/08/30/migration-jekyll-to-hugo/,JekyllからHugoへの移行ポイント,Tech
/blog/2015/08/31/system-integrators-collapse/,「システムインテグレーション崩壊」を読んで生存戦略を考える,Book
/blog/2015/09/05/the-secrets-of-consulting/,コンサルタントの秘密〜コンサルタント業はなぜ大変か？〜,Book
/blog/2015/09/07/trade-off/,人生はトレードオフ？！　〜コンサルタントの秘密〜,Book
/blog/2015/10/03/amazon-marketplace/,Amazonマーケットプレイスで裁断本を含む不要な本を出品してみたら思いのほか簡単に売れた！,Book
/blog/2015/10/11/hugo-taxonomy/,Hugoソースコードリーディング〜Taxonomy〜,Tech
/blog/2015/10/25/sonicgarden-agile/,「「納品」をなくせばうまくいく」を読んで生存戦略を考える,Tech
/blog/2015/10/31/open-inovation-and-design-thinking/,オープン・イノベーションとデザイン・シンキング,Tech
/blog/2015/11/17/remote-desktop-protocol/,Azureのリモートデスクトップ周りの調査,Tech
/blog/2015/11/23/netbios/,NetBIOSとは？,Tech
/blog/2015/11/25/domain-services/,ドメインサービスとは？,Tech
/blog/2015/12/05/work-breakdown-structure/,WBSの作り方,Tech
/blog/2015/12/06/statistics-is-literacy-for-the-next-generation-professional/,統計学が最強の学問である[実践編],Book
/blog/2015/12/08/what-is-cio/,CIOとは何者？,Tech
/blog/2016/01/16/how-to-run-bundle-exec-with-cron/,Capyabara + PhantomJS(poltergeist)のRubyスクリプトをcronで流したい,Tech
/blog/2016/01/17/lets-encrypt-always-on-ssl/,Lets's Encryptでブログの常時SSL化にチャレンジ,Tech
/blog/2016/01/25/electron-tutorial/,Electronでデスクトップアプリ作成,Tech
/blog/2016/01/30/effective-javascript-closure/,[Effective JavaScript]クロージャ,Tech
/blog/2016/02/01/how-to-get-amazon-affiliate-reports-with-nightmarejs/,Nightmare.jsでAmazonアフィリエイトのレポートを取得する,Tech
/blog/2016/02/06/d3js-tutorial/,D3.jsチュートリアル,Tech
/blog/2016/02/07/d3js-tokyo-landprice-heatmap/,D3.jsで東京の地価データを可視化する,Tech
/blog/2016/02/07/javascript-ninja/,JavaScript Ninjaの極意 「関数の呼び出し」,Tech
/blog/2016/02/10/post-to-slack/,slack-apiを利用してRubyからSlackへメッセージとファイルをポストする方法,Tech
/blog/2016/02/11/a-random-walk-down-wall-street/,ウォール街のランダム・ウォーカー,Book
/blog/2016/04/11/display-none-google-adsense/,Adsense広告をレスポンシブデザインでPCビュー2つ横並び、モバイル1つにする方法,Tech
/blog/2016/04/17/hugo-zen/,Hugo-ZenをベースにHugoのデザインを変えてみた,Tech
/blog/2016/04/21/antoni-gaudi/,サグラダ・ファミリア建設とシステム開発,Tech
/blog/2016/04/25/rakuten-nikkei/,rakuten nikkei,Money
/blog/2016/05/05/spain-barcelona/,スペイン・バルセロナ旅行記2016「犬も歩けばBAR(バル)に当たる」,Travel
/blog/2016/05/11/electron-mithril-amazon-linkbuilder/,Electronがv1.0.0になったのでMithril.jsと合わせてAmazonアフィリエイトリンクビルダーを作った,Tech
/blog/2016/05/15/lets-encrypt-certbot/,lets encrypt certbot,Tech
/blog/2016/05/16/install-virtualbox-and-vagrant-in-el-capitan/,How to install Virtualbox and Vagrant by installing by cli with Mac El Capitan,Tech
/blog/2016/05/16/install-virtualbox-and-vagrant-in-el-capitan/,MacでVirtualbox、Vagrantをインストールするときにいつまで経っても検証が終わらない場合の対処法としてコマンドラインからインストールする,Tech
/blog/2016/05/29/mariadb-utf8/,MariaDBの日本語文字化けを解消するための設定,Tech
/blog/2016/05/30/money-investment-trus/,投資信託はこの２つを買え!!,""
/blog/2016/05/30/casperjs-amazon/,CasperJSでAmazonログイン,Tech
/blog/2016/06/05/ruby-google-api-client/,google-api-ruby-clientからGoogle Adsense Management APIを操作する方法,Tech
/blog/2016/06/25/self-massage-tool-yawako/,腰痛におすすめ！「やわこ」で手軽にセルフマッサージ,Life
/blog/2016/07/01/azure-classic-vnet/,azure classic vnet,""
/blog/2016/07/09/invalid-ssl-certificate/,Lets's Encryptの証明書期限切れへの対応と、ドメイン紐付けの適正化,Tech
/blog/2016/07/17/install-h2load/,http/2ベンチマークツール「h2load」をインストール,Tech
/blog/2016/07/18/installing-h2o-with-ansible/,さくらVPSのCentOS6.4にh2oをAnsibleでビルド＆インストール,Tech
/blog/2016/07/23/scotch-grain-shine-or-rain/,スコッチグレインの革靴「シャインオアレイン」なら雨の日でも快適通勤！！,Life
/blog/2016/07/30/workstyle/,ワークスタイル改革とは何か？,Tech
/blog/2016/08/11/hugo-related-post/,Hugoで関連記事を表示する方法,Tech
/blog/2016/08/12/recommend-engine/,文書推薦,Tech
/blog/2016/08/13/tf-idf-recommendation/,PythonでTF-IDFによる文書推薦,Tech
/blog/2016/08/15/circle-ci-hugo-deploy/,Circle CIでHugoのビルド・デプロイを実行する,Tech
/blog/2016/08/18/okinawa-ishigaki/,石垣島へ行ってきました,Travel
/blog/2016/08/24/react-flickr-markdown-editor/,React + ElectronでFlickr連携可能なMarkdown Editorを作った,Tech
/blog/2016/08/27/javascript-this-bind/,javascript this bind,Tech
/blog/2016/08/28/electron-ace-markdown-editor/,AceエディタをElectronに組み込む,Tech
/blog/2016/08/28/tokyu-hands-messe-2016/,東急ハンズメッセ2016に寄るついでに衝動買い,Life
/blog/2016/09/03/hubot-execute-command-child-process/,Hubotで外部コマンドを実行する,Tech
/blog/2016/09/06/hugo-data-driven-content-for-polupar-posts/,Hugoで人気記事を表示するためJSONを返すAPIサーバを作りData-driven Contentを試してみた,Tech
/blog/2016/09/08/circle-ci-nightly-build/,Circle CIでテストを定期実行する,Tech
/blog/2016/09/18/building-machine-learning-systems-with-python/,building machine learning systems with python,Tech
/blog/2016/10/01/gmo-internet/,GMOインターネットの,stock
/blog/2016/10/01/writing-english/,writing english,Life
/blog/2016/10/16/get-a-haircut-by-minimo/,minimo(ミニモ)で初めてのメンズカットモデル,Life
/blog/2016/11/13/migration-nginx-to-h2o/,nginxからh2oを,""
/blog/2016/11/16/rewrite-lastmod-in-hugo/,Electron Editorで最終更新日時を更新する,Tech
/blog/2016/11/19/reference-baseurl-from-content/,reference baseurl from content,""
/blog/2016/11/23/capistrano3-can-not-read-env/,Capistrano3でRails5+Unicornのアプリをデプロイしたときに環境変数SECRET_KEY_BASEが読み込まれない,Tech
/blog/2016/11/26/modify-azure-documentation/,modify azure documentation,Tech
/blog/2016/12/10/shinagawa-traning/,なるべくお金をかけずにジムに行くなら「品川健康センター」がおすすめ,Life
/blog/2016/12/18/bilingualnews/,Rebuild.fmから入るバイリンガルニュース事始め,Life
/blog/2016/12/19/electron-react-redux-affiliate-linkbuilder/,Electron+React+Reduxで作り直した Amazon Linkbuilder,Tech
/blog/2016/12/21/install-julius/,音声認識エンジンJuliusをインストールする,Tech
/blog/2016/12/22/dtv-kingdom/,連休にこそ初回31日無料のdTVの始めどき！「キングダム」を無料で観る！,Life
/blog/2017/01/05/leatherwallet-ganzo/,大人の高級革財布 GANZOのTHIN BRIDLE (シンブライドル) 二つ折り財布のレビュー！,Life
/blog/2017/01/08/installing-hugo/,静的サイトジェネレータ「Hugo」インストール,Tech
/blog/2017/01/08/summary-of-static-site-generator-hugo/,静的サイトジェネレータ「Hugo」まとめ,Tech
/blog/2017/01/11/deploy-site-with-hugo/,静的サイトジェネレータ「Hugo」〜公開方法〜,Tech
/blog/2017/01/14/can-not-download-with-wget/,Cannot download with wget,Tech
/blog/2017/01/14/can-not-download-with-wget/,wgetでダウンロード失敗したときの対処法,Tech
/blog/2017/01/14/circle-ci-settings-for-mecab-hugo/,CircleCIでMeCabを利用してHugoビルドする,Tech
/blog/2017/01/14/how-to-customize-theme/,how to Customize theme,Tech
/blog/2017/01/18/recommendation-movie-and-anime-in-docomo-dtv/,普段テレビや映画を観ない人に贈るdTVおすすめ作品,Life
/blog/2017/01/28/microsoft-bot-framewark/,line-bot,Tech
/blog/2017/02/12/google-apps-script-search-console/,Google Apps ScriptでGoogle Search Consoleの情報を取得する,Tech
/blog/2017/02/18/hugo-amazon-shortcode/,HugoのShortcodesを利用してAmazon紹介リンクタグを作成,Tech
/blog/2017/02/18/python-amazon-product-api-bottlenose/,python amazon product api bottlenose,""
/blog/2017/02/19/how-to-register-amazon-product-advertising-api/,Amazon Product Advertising APIを利用するためのIAMユーザ登録とアクセスキーの発行,Tech
/blog/2017/02/24/paradoxical-startup-career-thinking/,「逆説のキャリア思考 - スタートアップ思考をキャリアに活かす」まとめ,Life
/blog/2017/02/25/shinkai-6500-jamstec/,"",Sience
/blog/2017/02/25/hugo-markdown-href-target-blank/,HugoのMarkdownでtarget='_blank'を実現する方法,Tech
/blog/2017/02/26/how-to-contribute-to-docs/,how to contribute to docs,""
/blog/2017/02/26/hugo-shortcodes/,hugo shortcodes,""
/blog/2017/02/26/premium-friday/,Premium Friday(プレミアムフライデー),Life
/blog/2017/02/26/translate-gohugo-jp/,translate gohugo jp,""
/blog/2017/03/02/earliest-evidence-of-life-on-earth-found/,[バイリンガルニュース特別編]高井研-生命の起源は深海の熱水の中にある?!-,Science
/blog/2017/03/02/vivaldi-swipe-gestures/,Enable swipe by using Vivaldi,Tech
/blog/2017/03/02/vivaldi-swipe-gestures/,Vivaldiのスワイプで戻る・進むを有効にする,Tech
/blog/2017/03/05/bilingalnews-ips-bn252/,bilingalnews-ips-bn252,Life
/blog/2017/03/05/bilingualnews-learning-english/,[バイリンガルニュース特別編]吉田研作先生 英語に対する意識を変える,English
/blog/2017/03/07/we-are-all-investors-of-time/,時間の投資家としてキャリアを考える,Life
/blog/2017/03/19/migrate-hugo-hosting-service-from-sakura-vps-to-netlify/,Hugoで生成した静的サイトのホスト先をさくらVPSからNetlifyに変更する,Tech
/blog/2017/04/09/gulp-image-optimization/,gulpで画像の最適化,Tech
/blog/2017/04/16/installing-coreos-with-conoha-vps/,Conoha VPSにCoreOSをインストールする,Tech
/blog/2017/04/30/macos-sierra-clean-install/,macOS sierraクリーンインストール時に行ったこと,Tech
/blog/2017/06/11/migration-sakura-vps-to-conoha-vps/,さくらVPSからConoha VPSへのお引越し,Tech
/blog/2017/06/18/highcharts-stocked-bar-chart/,Highchartsを使って財務諸表(BS/PL)のグラフを出力する,Tech
/blog/2017/06/18/what-is-edinet-xbrl/,EDINETとXBRLとは何か？Pythonで財務諸表のデータを取得する,Tech
/blog/2017/06/24/capybara-cannot-find-invisible-element/,Capybaraで非表示要素を検索できない,Tech
/blog/2017/06/24/ruby-iduom-module/,[Ruby]Moduleの使い方,Tech
/blog/2017/06/25/ruby-idiom-map/,[Ruby]mapメソッドの省略記法,Tech
/blog/2017/07/23/http2-server-push-on-netlify/,NetlifyでServer Pushを利用する,Tech
/blog/2017/08/22/puppeteer/,PuppeteerでAmazonアフィリエイトのレポートを取得する,Tech
/blog/2017/08/27/create-iam-user-for-amazon-product-advertising-api/,Amazon Product Advertising API用にAWS IAMユーザを作成する方法,Tech
/blog/2017/08/31/how-to-create-hugo-shortcodes/,Hugo Shortcodesの作り方,Tech
/blog/2017/09/08/asin-jan-isbn/,"ASIN, JAN, ISBNコードについて",Tech
/blog/2017/09/08/rakuten-api/,楽天APIの調査結果,Tech
/blog/2017/09/29/festival-of-xp-2017/,festival-of-xp-2017,""
/blog/2017/09/24/change-release-channels-for-coreos/,CoreOSのリリースバージョンをstableからalphaに変更,Tech
/blog/2017/09/29/google-container-engine/,google container engine,""
/blog/2017/09/30/coreos/,CoreOSの設定ファイルをcloud-config.ymlからIgnitionに変更する,Tech
/blog/2017/10/07/hugo-related-content/,HugoのRelated Contentを利用して関連記事を表示する,Tech
/blog/2017/10/14/hugo-syntax-highlighting/,HugoでのシンタックスハイライトにPython Pygmentsが不要となった,Tech
/blog/2017/10/21/sendgrid-incoming-mail-webhook/,sendgrid incoming mail webhook,Tech
/blog/2017/11/01/ge-lean-startup/,ge lean startup,""
/blog/2017/11/02/percentage-of-completion-basis-and-completed-contract/,工事完成基準と工事進行基準,Tech
/blog/2017/11/12/ignition/,Ignition,""
/blog/2017/11/20/cloudinary/,画像ホスティング、画像変換サービスCloudinary,Tech
/blog/2017/11/23/vue/,vue,""
/blog/2017/11/23/zsh/,zsh,""
/blog/2017/11/27/polish-my-shoes-tokyu-hands-workshop/,東急ハンズ「靴のお手入れ講座」に参加してきました,Life
/blog/2017/12/02/closing-xmind-cloud-and-starting-xmind-zen/,XMind Cloud停止とXMind ZenのPublic Bata版提供,Tech
/blog/2017/12/22/migration-hatena-diary-to-custom-domain-via-hatena-blog/,はてなダイアリーからはてなブログ経由で独自ドメインのブログに記事を移行しました,Tech
/blog/2017/12/24/ikebukuro/,池袋で会社の飲み会に使うべき居酒屋,Life
/blog/2018/01/17/cloudinary-imagesets/,Cloudinaryを利用したレスポンシブ配信,Tech
/blog/2018/02/09/softbank-08002221263/,ソフトバンク債権回収室から電話があった。,Life
/blog/2018/02/18/rancher-os/,ConohaVPSでCoreOSやRancherOSを入れる際に困ったこと,Tech
/blog/2018/02/21/rancheros/,rancheros,Tech
/blog/2018/02/24/agenda-job-scheduling-for-nodejs/,MongoDBを利用したNode.jsのジョブ管理ツールagenda,Tech
/blog/2018/02/24/docker-run-in-docker-container/,Dockerコンテナ内からホスト側のDockerを操作する,Tech
/blog/2018/03/10/botframework-slack/,Botframeworkを利用してSlack botを作る,Tech
/blog/2018/03/15/reading-technique-to-apply-to-real-life/,「読んだら忘れない読書術」,Life
/blog/2018/03/24/jibun-release-notes-ver-0-30-0/,じぶん Release Notes (ver 0.30.0),Life
/blog/2018/03/25/book-reading-evolution-theory/,「読書進化論」を再読して読書後のアウトプットのヒントを得る,Life
/blog/2018/04/01/how-to-learn-skill/,how to learn skill,""
/blog/2018/04/04/on-writing/,書くことについて,Life
/blog/2018/04/14/google-adsense-auto-ads/,Google Adsense Auto Adsを試す,Tech
/blog/2018/04/15/deep-work/,DEEP WORK: 大事なことに集中する,Book
/blog/2018/04/15/living-with-a-trunk-minimalist-life/,living with a trunk minimalist life,""
/blog/2018/04/15/scrap-amazon-image-to-scrapbox/,ScrapboxにAmazonの書影を取り込むブックマークレット,Tech
/blog/2018/04/22/get-free-icon/,ちょっとしたアイコンに使えるアイコン集,Design
/blog/2018/04/24/jibun-release-notes-ver-0-30-1/,じぶん Release Notes (ver 0.30.1),Life
/blog/2018/04/27/implementation-fish-shell/,"Fish Shellを導入してrbenv, pyenv, nodebrewのパスを通す",Tech
/blog/2018/05/01/delete-all-containers-on-rancheros/,RancherOSで全てのコンテナを削除する方法,Tech
/blog/2018/05/02/basic-auth-with-openfaas/,Basic Auth with OpenFaaS,Tech
/blog/2018/05/08/nihon-yabai-sekai-omoroi/,日本がヤバイではなく、世界がオモシロイから僕らは動く。,Book
/blog/2018/05/23/scrapbox-drinkup-04-tokyo-edition/,「Scrapbox Drinkup ＃04 Tokyo Edition」イベントレポート,Tech
/blog/2018/05/24/jibun-release-notes-ver-0-30-2/,じぶん Release Notes (ver 0.30.2),Life
/blog/2018/07/05/cores-gold-coffee-filter/,コレス ゴールドフィルターを使ってハンドドリップコーヒーを楽しむ,Life
/blog/2018/07/11/how-to-use-submodule-for-hugo-theme/,Hugoのテーマでsubmoduleを使う方法,Tech
/blog/2018/07/16/new-caledonia-2018/,ニューカレドニア旅行記,Travel
/blog/2018/07/27/developers-summit-2018-hashcorp-vault/,[デブサミ2018夏]Hashicorp Vault on Google Cloud Platform,Tech
/blog/2018/07/27/developers-summit-2018-summer-carrer-for-ai-enginner/,[デブサミ2018夏]AI時代におけるエンジニアの生存戦略,Tech
/blog/2018/07/27/developers-summit-2018-summer-cookpad/,[デブサミ2018夏]機械学習チームにおけるソフトウェアエンジニア〜役割、キャリア,Tech
/blog/2018/07/27/developers-summit-2018-summer-edtech-loilo/,[デブサミ2018夏]EdTechトップランナーに学ぶ！幸せに生きるための学び方,Tech
/blog/2018/07/27/developers-summit-2018-summer-github-enterprise/,[デブサミ2018夏]富士フイルムソフトウエアはいかにして旧開発手法を捨ててGitHub Enterpriseを愛するようになったのか,Tech
/blog/2018/07/27/developers-summit-2018-summer-gpu-conputing/,[デブサミ2018夏]AIを支えるGPUコンピューティングの今,Tech
/blog/2018/07/27/developers-summit-2018-summer-gumi-social-game/,[デブサミ2018夏]ソーシャルゲームを分析せよ！〜社内分析チームの立ち上げから学んだデータ分析のための組織と技術 ,Tech
/blog/2018/07/27/developers-summit-summer-2018-kaggler/,[デブサミ2018夏]Kaggleで描く成長戦略〜個人編・組織編〜,Tech
/blog/2018/07/28/developers-summit-2018-summer/,developers summit 2018 summer,Tech
/blog/2018/08/04/career-skills-recommended-book-list/,CAREER SKILLSで紹介されていた「読んでおきたい良書」まとめ,Tech
/blog/2018/08/10/scrapbox-drinkup-publication-launch-party/,「Scrapbox情報整理術」出版記念スペシャルに参加してきました,Tech
/blog/2018/11/03/cross-posting-to-qrunch-and-medium/,QrunchとMediumに技術メモをクロス投稿する,Tech
/blog/2018/12/02/amp-page-does-not-scroll-smoothly/,AMPページがモバイル表示で引っ掛かる件,Tech
/blog/2018/12/12/migration-netlify-to-github-pages/,NetlifyからGitHub Pagesに移行した件,Tech
/blog/2018/12/13/github-pages/,GitHub Pagesで複数の独自ドメインサイトを運用する,Tech
/blog/2018/12/22/gitlab-meetup-tokyo-number-12/,「GitLab Meetup Tokyo #12： 2018年振り返り」に参加しました,Tech
/blog/2018/12/27/duet-display/,「Duet Display」を利用して余っていたiPadを外部ディスプレイにする,Life
/blog/2019/01/03/paste-from-clipboard/,macOSでClipboardの画像を保存する,Tech
/blog/2019/01/03/visual-studio-code-extension-for-hugo/,visual studio code extension for hugo,""
/blog/2019/01/29/azure-devops-tokyo-japan-2nd-impact/,"Azure DevOps Tokyo, Japan 2nd impact",Tech
/blog/2019/02/02/blockchain-in-digital-nation-estonia/,イベントレポート「電子国家エストニアを通してブロックチェーンの未来を見る【TTT.12】」,Tech
/blog/2019/03/04/google-search-console-domain-property/,Google Search Consoleドメインプロパティ機能,Tech
/blog/2019/04/13/rebuild-meetup-2019/,Rebuild Meetup 2019,Tech
/blog/2019/06/14/a-new-way-of-thinking-in-the-era-of-artificial-intelligence/,公開講演「AI時代の新しい思考法〜本当に幸せな働き方、新しい価値の作り方〜」,Tech
/blog/2019/06/23/repair-google-pixel-3a/,iCracked JapanでのGoogle Pixel3a修理,Tech
/blog/2019/07/29/watch-the-confidence-man-jp-in-fod-fuji-tv-ondemand/,コンフィデンスマンJP,Life
/blog/2019/10/06/1bx-minimal-css-framework-for-amp/,AMP向けのミニマルCSSフレームワーク「1BX」をHugoに導入した,Tech
/blog/2019/10/11/optimize-amp/,AMPページの最適化〜ぼくのAMPサイトがこんなに遅い訳がない〜,Tech
/blog/2019/11/10/scrapmedia-flutter-app-for-managing-books-with-scrapbox/,Scrapboxで読書管理をするために「ScrapMedia」というFlutterアプリを作った,Tech
/blog/2019/11/11/the-art-of-managing-books-with-scrapbox/,Scrapboxで読書管理をするときのじぶんルール,Tech
/blog/2019/11/16/amp-real-url-with-cloudflare/,Cloudflare AMP Real URLをブログに導入する,Tech
/blog/2019/12/02/tableau-public/,Tableau製品ラインナップとTableau Public,Tech
/blog/2019/12/03/how-to-install-an-older-version-of-a-homebrew-package/,Homebrewで過去バージョンのパッケージをインストールする方法,Tech
/blog/2019/12/13/scrapbox-drinkup-no-11/,Scrapbox Drinkup #11「2019年のScrapbox」をテーマにしたLT大会 / 最新情報,Tech
/blog/2019/12/16/mini-habits-smaller-habits-bigger-results/,モチベーションに頼らない習慣化 /「小さな習慣」,Book
/blog/2019/12/27/product-list-of-tableau/,Tableau製品とTableau Publicで「できること」「できないこと」,Tech
/blog/2020/01/04/web-analytics-by-tableau-using-data-of-google-analytics/,Google AnalyticsをデータソースとしてTableau Desktopでアクセス解析を行う,Tech
/blog/2020/01/09/tableau-whitepater-traditional-bi-vs-modern-bi/,Tableauホワイトペーパーから読み解く「トラディショナルBIとモダンBIの違い」,Tech
/blog/2020/01/14/installing-textlint-in-visual-studio-code/,VS Codeにtextlintを導入して文章を校正する,Tech
/blog/2020/01/17/blog-card-test/,ブログカードテスト,Tech
/blog/2020/01/25/tableau-desktop-vs-tableau-prep-builder/,データ準備におけるTableau DesktopとTableau Prep Builderの使い分け,Tech
/blog/2020/01/30/puppeteer-wait-for-navigation/,PuppeteerのwaitForNavigationで正しくページ遷移を待つ,Tech
/blog/2020/02/02/blogcard-in-hugo/,HugoでAMP対応のブログカードを作る,Tech
/blog/2020/02/10/sorting-dimensions-by-conbined-fields-in-tableau/,Tableauの「結合済みフィールド」(Combined Fields)を利用して任意のソート順を定義する,Tech
/blog/2020/02/20/dart-cascade-notation/,DartのCascade notation（カスケード表記）とは,Tech
/blog/2020/02/27/showing-top-and-bottom-n-per-category-in-tableau/,【Tableau】カテゴリ別の上位と下位Nを表示する,Tech